,School Name,% Grads,tier,American Indian/Alaska Native Students [Public School] 2015-16,Asian or Asian/Pacific Islander Students [Public School] 2015-16,Hispanic Students [Public School] 2015-16,Black or African American Students [Public School] 2015-16,White Students [Public School] 2015-16,Nat. Hawaiian or Other Pacific Isl. Students [Public School] 2015-16,Two or More Races Students [Public School] 2015-16,Total Race/Ethnicity [Public School] 2015-16
0,ORCHARD COLLEGIATE ACADEMY,93.548386,High,,,,,,,,
2,UNIVERSITY NEIGHBORHOOD HIGH SCHOOL,96.875,High,1.0,95.0,140.0,92.0,11.0,,2.0,341.0
4,EAST SIDE COMMUNITY SCHOOL,96.62921,High,9.0,73.0,362.0,140.0,79.0,,16.0,679.0
6,FORSYTH SATELLITE ACADEMY,37.313435,Med/Low,,,,,,,,
8,MARTA VALLE HIGH SCHOOL,72.0,Med/High,1.0,10.0,148.0,115.0,5.0,,0.0,279.0
10,LOWER EAST SIDE PREPARATORY HIGH SCHOOL,41.90141,Medium,2.0,288.0,131.0,55.0,7.0,,4.0,487.0
12,"NEW EXPLORATIONS INTO SCIENCE, TECHNOLOGY AND MATH",95.56962,High,,,,,,,,
14,CASCADES HIGH SCHOOL,35.353535,Med/Low,2.0,10.0,121.0,73.0,14.0,,0.0,220.0
16,BARD HIGH SCHOOL EARLY COLLEGE,99.18699,High,1.0,122.0,88.0,86.0,228.0,,10.0,535.0
18,47 THE AMERICAN SIGN LANGUAGE AND ENGLISH SECONDAR,100.0,High,,,,,,,,
20,THE URBAN ASSEMBLY SCHOOL FOR EMERGENCY MANAGEMENT,93.548386,High,,,,,,,,
22,STEPHEN T. MATHER BUILDING ARTS & CRAFTSMANSHIP HI,84.53608,High,,,,,,,,
24,THE CLINTON SCHOOL,96.938774,High,,,,,,,,
26,MANHATTAN EARLY COLLEGE SCHOOL FOR ADVERTISING,86.51685,High,2.0,19.0,82.0,60.0,21.0,,6.0,190.0
28,URBAN ASSEMBLY MAKER ACADEMY,89.13043,High,1.0,19.0,101.0,49.0,19.0,,10.0,199.0
30,FOOD AND FINANCE HIGH SCHOOL,84.09091,High,2.0,19.0,218.0,168.0,9.0,,0.0,416.0
32,ESSEX STREET ACADEMY,97.01492,High,5.0,20.0,153.0,135.0,28.0,,14.0,355.0
34,HIGH SCHOOL OF HOSPITALITY MANAGEMENT,75.29412,Med/High,3.0,16.0,276.0,97.0,9.0,,6.0,407.0
36,PACE HIGH SCHOOL,90.07633,High,12.0,47.0,244.0,154.0,6.0,,15.0,478.0
38,"URBAN ASSEMBLY SCHOOL OF DESIGN AND CONSTRUCTION,",69.565216,Med/High,,,,,,,,
40,"FACING HISTORY SCHOOL, THE",83.333336,High,,,,,,,,
42,"URBAN ASSEMBLY ACADEMY OF GOVERNMENT AND LAW, THE",89.0625,High,,,,,,,,
44,LOWER MANHATTAN ARTS ACADEMY,85.71429,High,2.0,34.0,199.0,96.0,10.0,,16.0,357.0
46,"JAMES BALDWIN SCHOOL, THE: A SCHOOL FOR EXPEDITION",24.096386,Med/Low,,,,,,,,
48,"URBAN ASSEMBLY SCHOOL OF BUSINESS FOR YOUNG WOMEN, THE",83.67347,High,,,,,,,,
50,GRAMERCY ARTS HIGH SCHOOL,95.454544,High,4.0,22.0,226.0,219.0,30.0,,28.0,529.0
52,NYC ISCHOOL,98.0198,High,1.0,33.0,170.0,88.0,142.0,,27.0,461.0
54,MANHATTAN BUSINESS ACADEMY,92.07921,High,2.0,16.0,259.0,114.0,20.0,,10.0,421.0
56,BUSINESS OF SPORTS SCHOOL,83.16832,High,3.0,10.0,289.0,144.0,4.0,,0.0,450.0
58,EMMA LAZARUS HIGH SCHOOL,52.48227,Medium,4.0,138.0,60.0,24.0,22.0,,0.0,248.0
60,THE HIGH SCHOOL FOR LANGUAGE AND DIPLOMACY,80.882355,High,,,,,,,,
62,HIGH SCHOOL FOR ENVIRONMENTAL STUDIES,89.47369,High,3.0,168.0,812.0,190.0,81.0,,12.0,1266.0
64,INSTITUTE FOR COLLABORATIVE EDUCATION,98.46154,High,3.0,33.0,77.0,76.0,267.0,,30.0,486.0
66,PROFESSIONAL PERFORMING ARTS HIGH SCHOOL,97.391304,High,1.0,26.0,110.0,124.0,238.0,,47.0,546.0
68,BARUCH COLLEGE CAMPUS HIGH SCHOOL,99.13043,High,1.0,221.0,58.0,26.0,134.0,,6.0,446.0
70,N.Y.C. LAB SCHOOL FOR COLLABORATIVE STUDIES,98.4375,High,,,,,,,,
72,SCHOOL OF THE FUTURE HIGH SCHOOL,98.113205,High,6.0,112.0,216.0,85.0,277.0,,56.0,752.0
74,N.Y.C. MUSEUM SCHOOL,97.36842,High,,,,,,,,
76,ELEANOR ROOSEVELT HIGH SCHOOL,99.25373,High,1.0,119.0,47.0,22.0,344.0,,22.0,555.0
78,MILLENNIUM HIGH SCHOOL,99.39024,High,1.0,257.0,118.0,43.0,198.0,,24.0,641.0
80,LANDMARK HIGH SCHOOL,71.42857,Med/High,1.0,9.0,232.0,114.0,6.0,,8.0,370.0
82,HIGH SCHOOL FOR HEALTH PROFESSIONS AND HUMAN SERVI,96.33868,High,,,,,,,,
84,QUEST TO LEARN,74.35897,Med/High,9.0,73.0,232.0,127.0,194.0,,29.0,664.0
86,LEADERSHIP AND PUBLIC SERVICE HIGH SCHOOL,85.833336,High,,,,,,,,
88,MANHATTAN ACADEMY FOR ARTS & LANGUAGE,84.61539,High,,,,,,,,
90,MURRAY HILL ACADEMY,86.90476,High,2.0,20.0,155.0,94.0,16.0,,4.0,291.0
92,HUDSON HIGH SCHOOL OF LEARNING TECHNOLOGIES,87.61062,High,2.0,32.0,305.0,141.0,16.0,,9.0,505.0
94,INTERNATIONAL HIGH SCHOOL AT UNION SQUARE,85.22727,High,0.0,86.0,165.0,50.0,35.0,,0.0,336.0
96,MANHATTAN VILLAGE ACADEMY,99.06542,High,1.0,29.0,272.0,54.0,37.0,,48.0,441.0
98,VANGUARD HIGH SCHOOL,80.73395,High,5.0,27.0,270.0,114.0,31.0,,16.0,463.0
100,MANHATTAN INTERNATIONAL HIGH SCHOOL,69.1358,Med/High,1.0,79.0,160.0,53.0,40.0,,0.0,333.0
102,STUYVESANT HIGH SCHOOL,99.64243,High,8.0,2447.0,93.0,22.0,646.0,,112.0,3328.0
104,HIGH SCHOOL OF ECONOMICS AND FINANCE,90.625,High,,,,,,,,
106,UNITY CENTER FOR URBAN TECHNOLOGIES,91.83673,High,0.0,16.0,184.0,82.0,11.0,,6.0,299.0
108,URBAN ASSEMBLY GATEWAY SCHOOL FOR TECHNOLOGY,97.27273,High,4.0,51.0,247.0,140.0,25.0,,12.0,479.0
110,TALENT UNLIMITED HIGH SCHOOL,96.875,High,1.0,18.0,200.0,175.0,96.0,,19.0,509.0
112,MURRY BERGTRAUM HIGH SCHOOL FOR BUSINESS CAREERS,69.23077,Med/High,3.0,66.0,229.0,282.0,12.0,,5.0,597.0
114,JACQUELINE KENNEDY ONASSIS HIGH SCHOOL,80.833336,High,,,,,,,,
116,REPERTORY COMPANY HIGH SCHOOL FOR THEATRE ARTS,92.98245,High,0.0,6.0,123.0,93.0,19.0,,10.0,251.0
118,UNION SQUARE ACADEMY FOR HEALTH SCIENCES,93.67088,High,1.0,62.0,230.0,99.0,19.0,,7.0,418.0
120,HARVEST COLLEGIATE HIGH SCHOOL,86.08696,High,1.0,33.0,225.0,105.0,83.0,,11.0,458.0
122,MANHATTAN BRIDGES HIGH SCHOOL,89.76378,High,0.0,0.0,509.0,1.0,1.0,,1.0,512.0
124,NEW DESIGN HIGH SCHOOL,81.0,High,3.0,29.0,234.0,141.0,12.0,,10.0,429.0
126,INDEPENDENCE HIGH SCHOOL,21.052631,Med/Low,,,,,,,,
128,HIGH SCHOOL FOR DUAL LANGUAGE AND ASIAN STUDIES,99.0099,High,0.0,359.0,28.0,17.0,10.0,,6.0,420.0
130,ACADEMY FOR SOFTWARE ENGINEERING,94.545456,High,2.0,44.0,227.0,119.0,43.0,,19.0,454.0
132,LIBERTY HIGH SCHOOL ACADEMY FOR NEWCOMERS,54.0,Medium,4.0,39.0,218.0,114.0,49.0,,1.0,425.0
134,URBAN ASSEMBLY NEW YORK HARBOR SCHOOL,86.88525,High,4.0,10.0,207.0,92.0,100.0,,16.0,429.0
136,HIGH SCHOOL M560 - CITY AS SCHOOL,39.694656,Med/Low,,,,,,,,
138,URBAN ACADEMY LABORATORY HIGH SCHOOL,38.88889,Med/Low,0.0,12.0,54.0,43.0,44.0,,2.0,155.0
140,SATELLITE ACADEMY HIGH SCHOOL,8.791209,Low,2.0,2.0,160.0,85.0,3.0,,0.0,252.0
142,MANHATTAN COMPREHENSIVE NIGHT AND DAY HIGH SCHOOL,22.570534,Med/Low,9.0,151.0,255.0,179.0,34.0,,0.0,628.0
144,RICHARD R. GREEN HIGH SCHOOL OF TEACHING,82.22222,High,,,,,,,,
146,HARVEY MILK HIGH SCHOOL,32.258064,Med/Low,0.0,2.0,30.0,24.0,5.0,,0.0,61.0
148,THE HIGH SCHOOL OF FASHION INDUSTRIES,92.71137,High,,,,,,,,
150,HUMANITIES PREPARATORY ACADEMY,96.22642,High,2.0,12.0,118.0,50.0,18.0,,9.0,209.0
152,CHELSEA CAREER AND TECHNICAL EDUCATION HIGH SCHOOL,88.65979,High,2.0,46.0,249.0,117.0,16.0,,9.0,439.0
154,ART AND DESIGN HIGH SCHOOL,94.15042,High,8.0,115.0,809.0,311.0,172.0,,33.0,1448.0
156,LIFE SCIENCES SECONDARY SCHOOL,79.545456,Med/High,3.0,30.0,380.0,191.0,11.0,,12.0,627.0
158,THE MAXINE GREENE HS FOR IMAGINATIVE INQUIRY,71.56863,Med/High,,,,,,,,
160,"URBAN ASSEMBLY SCHOOL FOR MEDIA STUDIES, THE",92.391304,High,,,,,,,,
162,THE URBAN ASSEMBLY SCHOOL FOR GREEN CAREERS,92.753624,High,,,,,,,,
164,THE GLOBAL LEARNING COLLABORATIVE,85.56701,High,,,,,,,,
166,INNOVATION DIPLOMA PLUS,9.859155,Low,3.0,1.0,105.0,59.0,5.0,,0.0,173.0
168,WADLEIGH SECONDARY SCHOOL FOR THE PERFORMING & VIS,95.2381,High,,,,,,,,
170,FRANK MCCOURT HIGH SCHOOL,92.07921,High,2.0,27.0,159.0,71.0,113.0,,16.0,388.0
172,BEACON HIGH SCHOOL,97.134674,High,8.0,100.0,287.0,177.0,688.0,,47.0,1307.0
174,FIORELLO H. LAGUARDIA HIGH SCHOOL OF MUSIC & ART A,99.37107,High,,,,,,,,
176,"HIGH SCHOOL FOR LAW, ADVOCACY AND COMMUNITY JUSTIC",89.62264,High,,,,,,,,
178,HIGH SCHOOL OF ARTS AND TECHNOLOGY,77.47748,Med/High,5.0,11.0,355.0,194.0,14.0,,7.0,586.0
180,EDWARD A. REYNOLDS WEST SIDE HIGH SCHOOL,16.363636,Low,,,,,,,,
182,MANHATTAN / HUNTER SCIENCE HIGH SCHOOL,99.0991,High,,,,,,,,
184,SPECIAL MUSIC SCHOOL,100.0,High,0.0,44.0,39.0,37.0,122.0,,35.0,277.0
186,FREDERICK DOUGLASS ACADEMY II SECONDARY SCHOOL,87.671234,High,2.0,7.0,110.0,261.0,5.0,,4.0,389.0
188,THE JUDITH S. KAYE SCHOOL,47.435898,Medium,,,,,,,,
190,ESPERANZA PREPARATORY ACADEMY,81.39535,High,,,,,,,,
192,MANHATTAN CENTER FOR SCIENCE AND MATHEMATICS,96.61017,High,,,,,,,,
194,PARK EAST HIGH SCHOOL,97.87234,High,1.0,19.0,263.0,106.0,8.0,,10.0,407.0
196,CENTRAL PARK EAST HIGH SCHOOL,98.24561,High,5.0,36.0,290.0,114.0,21.0,,3.0,469.0
198,YOUNG WOMEN'S LEADERSHIP SCHOOL,100.0,High,0.0,44.0,297.0,121.0,18.0,,12.0,492.0
200,"HERITAGE SCHOOL, THE",84.61539,High,,,,,,,,
202,EAGLE ACADEMY FOR YOUNG MEN OF HARLEM,80.597015,High,2.0,0.0,46.0,144.0,1.0,,1.0,194.0
204,THE URBAN ASSEMBLY SCHOOL FOR GLOBAL COMMERCE,76.27119,Med/High,,,,,,,,
206,HARLEM RENAISSANCE HIGH SCHOOL,25.210085,Med/Low,3.0,2.0,96.0,100.0,3.0,,0.0,204.0
208,MOTT HALL HIGH SCHOOL,64.28571,Med/High,0.0,5.0,252.0,147.0,6.0,,5.0,415.0
210,COLUMBIA SECONDARY SCHOOL,96.8421,High,5.0,82.0,294.0,141.0,135.0,,12.0,669.0
214,URBAN ASSEMBLY SCHOOL FOR THE PERFORMING ARTS,84.05797,High,,,,,,,,
216,FREDERICK DOUGLASS ACADEMY,89.37198,High,4.0,22.0,322.0,995.0,26.0,,40.0,1409.0
218,THURGOOD MARSHALL ACADEMY FOR LEARNING AND SOCIAL,89.247314,High,,,,,,,,
220,"HIGH SCHOOL FOR MATHEMATICS, SCIENCE AND ENGINEERI",100.0,High,,,,,,,,
222,INWOOD EARLY COLLEGE FOR HEALTH AND INFORMATION TE,79.77528,Med/High,,,,,,,,
224,CITY COLLEGE ACADEMY OF THE ARTS,95.55556,High,1.0,5.0,561.0,29.0,12.0,,2.0,610.0
226,COMMUNITY HEALTH ACADEMY OF THE HEIGHTS,86.36364,High,2.0,4.0,582.0,44.0,7.0,,2.0,641.0
228,WASHINGTON HEIGHTS EXPEDITIONARY LEARNING SCHOOL,91.20879,High,0.0,4.0,713.0,24.0,14.0,,2.0,757.0
230,HIGH SCHOOL FOR EXCELLENCE AND INNOVATION,52.83019,Medium,1.0,1.0,165.0,38.0,0.0,,0.0,205.0
232,THE COLLEGE ACADEMY,88.31169,High,,,,,,,,
234,HIGH SCHOOL FOR MEDIA AND COMMUNICATIONS,78.65169,Med/High,,,,,,,,
236,HIGH SCHOOL FOR LAW AND PUBLIC SERVICE,48.818897,Medium,,,,,,,,
238,HIGH SCHOOL FOR HEALTH CAREERS AND SCIENCES,75.21368,Med/High,,,,,,,,
240,A. PHILIP RANDOLPH CAMPUS HIGH SCHOOL,78.75458,Med/High,,,,,,,,
242,GREGORIO LUPERON HIGH SCHOOL FOR SCIENCE AND MATHE,90.69768,High,,,,,,,,
244,SOUTH BRONX PREPARATORY: A COLLEGE BOARD SCHOOL,95.09804,High,,,,,,,,
246,THE LABORATORY SCHOOL OF FINANCE AND TECHNOLOGY: X,94.44444,High,,,,,,,,
248,"H.E.R.O. HIGH (HEALTH, EDUCATION, AND RESEARCH OCC",80.41237,High,,,,,,,,
250,INTERNATIONAL COMMUNITY HIGH SCHOOL,61.267605,Med/High,5.0,26.0,350.0,54.0,9.0,,0.0,444.0
252,JILL CHAIFETZ TRANSFER HIGH SCHOOL,24.7191,Med/Low,0.0,1.0,107.0,65.0,2.0,,1.0,176.0
254,BRONX HAVEN HIGH SCHOOL,12.162162,Low,0.0,2.0,120.0,53.0,1.0,,0.0,176.0
256,COMMUNITY SCHOOL FOR SOCIAL JUSTICE,59.677418,Medium,0.0,2.0,228.0,93.0,4.0,,1.0,328.0
258,MOTT HAVEN VILLAGE PREPARATORY HIGH SCHOOL,64.17911,Med/High,,,,,,,,
260,UNIVERSITY HEIGHTS SECONDARY SCHOOL,100.0,High,,,,,,,,
262,HOSTOS-LINCOLN ACADEMY OF SCIENCE,90.69768,High,4.0,13.0,395.0,94.0,6.0,,6.0,518.0
264,BRONX DESIGN AND CONSTRUCTION ACADEMY,68.59504,Med/High,5.0,9.0,411.0,141.0,15.0,,1.0,582.0
266,BRONX LEADERSHIP ACADEMY II HIGH SCHOOL,75.35211,Med/High,0.0,10.0,329.0,141.0,4.0,,6.0,490.0
270,CAREERS IN SPORTS HIGH SCHOOL,76.0,Med/High,,,,,,,,
272,THE URBAN ASSEMBLY BRONX ACADEMY OF LETTERS,82.558136,High,,,,,,,,
274,MOTT HAVEN COMMUNITY HIGH SCHOOL,34.545456,Med/Low,1.0,0.0,143.0,66.0,7.0,,0.0,217.0
276,ALFRED E. SMITH CAREER AND TECHNICAL EDUCATION HIG,98.91304,High,,,,,,,,
278,HEALTH OPPORTUNITIES HIGH SCHOOL,70.76923,Med/High,9.0,14.0,338.0,189.0,9.0,,3.0,562.0
280,BRONX STUDIO SCHOOL FOR WRITERS AND ARTISTS,80.0,Med/High,2.0,4.0,445.0,135.0,5.0,,0.0,591.0
282,WOMEN'S ACADEMY OF EXCELLENCE,74.57627,Med/High,6.0,23.0,133.0,156.0,13.0,,6.0,337.0
284,RENAISSANCE HIGH SCHOOL FOR MUSICAL THEATER AND TH,83.05085,High,,,,,,,,
286,MILLENNIUM ART ACADEMY,84.61539,High,,,,,,,,
288,PELHAM LAB HIGH SCHOOL,75.471695,Med/High,6.0,22.0,189.0,85.0,25.0,,4.0,331.0
292,SCHUYLERVILLE PREPARATORY HIGH SCHOOL,73.451324,Med/High,3.0,12.0,176.0,68.0,23.0,,2.0,284.0
294,BRONX RIVER HIGH SCHOOL,79.31035,Med/High,9.0,10.0,183.0,81.0,14.0,,1.0,298.0
296,"ARCHIMEDES ACADEMY FOR MATH, SCIENCE AND TECHNOLOG",77.38095,Med/High,,,,,,,,
298,ANTONIA PANTOJA PREPARATORY ACADEMY: A COLLEGE BOA,76.666664,Med/High,,,,,,,,
300,BRONX COMMUNITY HIGH SCHOOL,22.891565,Med/Low,1.0,2.0,82.0,64.0,5.0,,1.0,155.0
302,HERBERT H. LEHMAN HIGH SCHOOL,78.98089,Med/High,,,,,,,,
304,BRONX BRIDGES HIGH SCHOOL,85.55556,High,4.0,28.0,264.0,19.0,8.0,,0.0,323.0
306,GOTHAM COLLABORATIVE HIGH SCHOOL,70.25317,Med/High,,,,,,,,
310,LONGWOOD PREPARATORY ACADEMY,66.666664,Med/High,,,,,,,,
312,BRONX ARENA HIGH SCHOOL,21.818182,Med/Low,2.0,1.0,102.0,62.0,5.0,,1.0,173.0
314,WESTCHESTER SQUARE ACADEMY,80.15267,High,11.0,31.0,305.0,138.0,54.0,,6.0,545.0
316,SCHOOL FOR TOURISM AND HOSPITALITY,35.802467,Med/Low,1.0,5.0,183.0,110.0,4.0,,4.0,307.0
318,BRONX COMPASS HIGH SCHOOL,82.10526,High,2.0,13.0,270.0,145.0,3.0,,6.0,439.0
320,BRONX COLLEGIATE ACADEMY,82.75862,High,,,,,,,,
322,EAGLE ACADEMY FOR YOUNG MEN,85.29412,High,4.0,2.0,230.0,325.0,1.0,,11.0,573.0
324,URBAN ASSEMBLY SCHOOL FOR APPLIED MATH AND SCIENCE,84.81013,High,4.0,4.0,400.0,210.0,4.0,,0.0,622.0
326,EXIMIUS COLLEGE PREPARATORY ACADEMY: A COLLEGE BOA,87.62887,High,,,,,,,,
328,MOTT HALL BRONX HIGH SCHOOL,87.5,High,4.0,3.0,307.0,85.0,4.0,,5.0,408.0
330,BRONX CENTER FOR SCIENCE AND MATHEMATICS,94.64286,High,2.0,37.0,297.0,118.0,7.0,,3.0,464.0
332,VALIDUS PREPARATORY ACADEMY,66.27907,Med/High,0.0,5.0,270.0,108.0,2.0,,1.0,386.0
334,MORRIS ACADEMY FOR COLLABORATIVE STUDIES,81.42857,High,3.0,6.0,315.0,111.0,5.0,,0.0,440.0
336,BRONX EARLY COLLEGE ACADEMY FOR TEACHING & LEARNIN,94.117645,High,,,,,,,,
338,COMPREHENSIVE MODEL SCHOOL PROJECT M.S. 327,85.71429,High,,,,,,,,
340,DREAMYARD PREPARATORY SCHOOL,79.06977,Med/High,2.0,4.0,189.0,115.0,1.0,,1.0,312.0
342,NEW DIRECTIONS SECONDARY SCHOOL,29.09091,Med/Low,4.0,1.0,145.0,69.0,0.0,,0.0,219.0
344,ACADEMY FOR LANGUAGE AND TECHNOLOGY,96.92308,High,0.0,0.0,310.0,1.0,0.0,,0.0,311.0
346,BRONX INTERNATIONAL HIGH SCHOOL,85.0,High,4.0,14.0,304.0,72.0,3.0,,0.0,397.0
348,SCHOOL FOR EXCELLENCE,49.20635,Medium,2.0,5.0,282.0,99.0,4.0,,3.0,395.0
350,BRONX HIGH SCHOOL OF BUSINESS,67.92453,Med/High,2.0,7.0,218.0,95.0,6.0,,1.0,329.0
352,BRONX HIGH SCHOOL FOR MEDICAL SCIENCE,89.61039,High,3.0,33.0,240.0,142.0,5.0,,2.0,425.0
354,"BRONX SCHOOL FOR LAW, GOVERNMENT AND JUSTICE",92.0354,High,,,,,,,,
356,FREDERICK DOUGLASS ACADEMY III SECONDARY SCHOOL,75.0,Med/High,1.0,1.0,212.0,186.0,10.0,,4.0,414.0
358,BRONX LEADERSHIP ACADEMY HIGH SCHOOL,67.27273,Med/High,3.0,3.0,451.0,217.0,7.0,,7.0,688.0
360,HIGH SCHOOL FOR VIOLIN AND DANCE,68.85246,Med/High,0.0,1.0,211.0,114.0,2.0,,2.0,330.0
362,CLAREMONT INTERNATIONAL HS,82.666664,High,,,,,,,,
364,YOUNG WOMEN'S LEADERSHIP SCHOOL OF THE BRONX,95.522385,High,3.0,5.0,192.0,127.0,2.0,,1.0,330.0
366,RIVERDALE / KINGSBRIDGE ACADEMY (MIDDLE SCHOOL / H,91.41104,High,,,,,,,,
368,BRONX ENGINEERING AND TECHNOLOGY ACADEMY,65.09434,Med/High,1.0,22.0,237.0,133.0,10.0,,3.0,406.0
370,THEATRE ARTS PRODUCTION COMPANY SCHOOL,77.0115,Med/High,5.0,8.0,429.0,174.0,11.0,,6.0,633.0
372,"THE MARIE CURIE SCHOOL FOR MEDICINE, NURSING, AND",59.813084,Medium,,,,,,,,
374,WEST BRONX ACADEMY FOR THE FUTURE,92.1875,High,4.0,11.0,444.0,117.0,13.0,,0.0,589.0
376,BRONX ACADEMY FOR SOFTWARE ENGINEERING (BASE),77.65958,Med/High,4.0,25.0,200.0,94.0,6.0,,3.0,332.0
378,KINGSBRIDGE INTERNATIONAL HIGH SCHOOL,59.638554,Medium,2.0,31.0,392.0,18.0,10.0,,0.0,453.0
380,BRONX SCHOOL OF LAW AND FINANCE,82.0,High,3.0,9.0,257.0,128.0,7.0,,0.0,404.0
382,PROVIDING URBAN LEARNERS SUCCESS IN EDUCATION HIGH,18.115942,Low,,,,,,,,
384,INTERNATIONAL SCHOOL FOR LIBERAL ARTS,70.52631,Med/High,0.0,0.0,540.0,1.0,2.0,,0.0,543.0
386,BRONX COLLABORATIVE HIGH SCHOOL,79.83193,Med/High,1.0,7.0,222.0,106.0,12.0,,7.0,355.0
388,WORLD VIEW HIGH SCHOOL,94.366196,High,3.0,1.0,196.0,80.0,4.0,,4.0,288.0
390,IN-TECH ACADEMY (M.S. / HIGH SCHOOL 368),88.13559,High,,,,,,,,
392,KNOWLEDGE AND POWER PREPARATORY ACADEMY INTERNATIO,87.61905,High,,,,,,,,
394,ENGLISH LANGUAGE LEARNERS AND INTERNATIONAL SUPPOR,40.601505,Medium,,,,,,,,
396,HIGH SCHOOL FOR TEACHING AND THE PROFESSIONS,75.63025,Med/High,1.0,8.0,357.0,85.0,8.0,,6.0,465.0
398,BELMONT PREPARATORY HIGH SCHOOL,86.95652,High,0.0,10.0,274.0,131.0,6.0,,2.0,423.0
400,FORDHAM HIGH SCHOOL FOR THE ARTS,95.522385,High,0.0,5.0,234.0,127.0,8.0,,6.0,380.0
402,FORDHAM LEADERSHIP ACADEMY,95.652176,High,,,,,,,,
404,BRONX HIGH SCHOOL FOR LAW AND COMMUNITY SERVICE,96.7033,High,,,,,,,,
406,DEWITT CLINTON HIGH SCHOOL,85.430466,High,22.0,156.0,887.0,521.0,60.0,,20.0,1666.0
408,"CELIA CRUZ BRONX HIGH SCHOOL OF MUSIC, THE",98.947365,High,,,,,,,,
410,THE BRONX HIGH SCHOOL OF SCIENCE,100.0,High,,,,,,,,
412,MARBLE HILL HIGH SCHOOL FOR INTERNATIONAL STUDIES,96.460175,High,,,,,,,,
414,CROTONA INTERNATIONAL HIGH SCHOOL,83.950615,High,1.0,4.0,284.0,24.0,8.0,,1.0,322.0
416,BRONX THEATRE HIGH SCHOOL,85.56701,High,2.0,2.0,266.0,134.0,8.0,,2.0,414.0
418,DISCOVERY HIGH SCHOOL,90.99099,High,,,,,,,,
420,HIGH SCHOOL FOR ENERGY AND TECHNOLOGY,82.5,High,5.0,10.0,277.0,101.0,4.0,,0.0,397.0
422,HIGH SCHOOL OF AMERICAN STUDIES AT LEHMAN COLLEGE,100.0,High,1.0,80.0,54.0,12.0,209.0,,14.0,370.0
424,BRONX HEALTH SCIENCES HIGH SCHOOL,100.0,High,5.0,24.0,127.0,159.0,12.0,,9.0,336.0
426,BRONX HIGH SCHOOL FOR WRITING AND COMMUNICATION AR,67.90124,Med/High,,,,,,,,
428,BRONX LAB SCHOOL,74.39024,Med/High,2.0,13.0,230.0,189.0,10.0,,3.0,447.0
430,ACADEMY FOR SCHOLARSHIP AND ENTREPRENEURSHIP: A COLLEGE BOARD SCHOOL,82.35294,High,,,,,,,,
432,HIGH SCHOOL OF COMPUTERS AND TECHNOLOGY,80.99174,High,5.0,30.0,303.0,183.0,9.0,,4.0,534.0
434,COLLEGIATE INSTITUTE FOR MATH AND SCIENCE,90.06622,High,6.0,80.0,303.0,234.0,64.0,,9.0,696.0
436,BRONX ACADEMY OF HEALTH CAREERS,87.012985,High,3.0,22.0,225.0,174.0,12.0,,4.0,440.0
438,ASTOR COLLEGIATE ACADEMY,83.333336,High,5.0,32.0,212.0,164.0,45.0,,7.0,465.0
440,BRONX HIGH SCHOOL FOR THE VISUAL ARTS,78.57143,Med/High,0.0,14.0,294.0,139.0,45.0,,2.0,494.0
442,HARRY S TRUMAN HIGH SCHOOL,77.55102,Med/High,22.0,60.0,899.0,1064.0,45.0,,4.0,2094.0
444,BRONXDALE HIGH SCHOOL,83.62069,High,5.0,16.0,245.0,132.0,31.0,,3.0,432.0
446,HIGH SCHOOL OF LANGUAGE AND INNOVATION,89.28571,High,,,,,,,,
448,NEW WORLD HIGH SCHOOL,90.36144,High,12.0,42.0,247.0,47.0,26.0,,0.0,374.0
450,THE BRONXWOOD PREPARATORY ACADEMY,74.03846,Med/High,,,,,,,,
452,PELHAM PREPARATORY ACADEMY,94.2623,High,7.0,25.0,253.0,174.0,33.0,,7.0,499.0
454,HIGH SCHOOL FOR CONTEMPORARY ARTS,80.0,Med/High,,,,,,,,
456,BRONX AEROSPACE HIGH SCHOOL,70.27027,Med/High,3.0,11.0,231.0,134.0,9.0,,6.0,394.0
458,MOTT HALL V,87.64045,High,8.0,26.0,527.0,127.0,7.0,,1.0,696.0
460,"METROPOLITAN HIGH SCHOOL, THE",72.22222,Med/High,,,,,,,,
462,EXPLORATIONS ACADEMY H.S.,60.43956,Med/High,,,,,,,,
464,BRONX LATIN,93.97591,High,,,,,,,,
466,EAST BRONX ACADEMY FOR THE FUTURE,82.291664,High,1.0,7.0,475.0,172.0,5.0,,2.0,662.0
470,PAN AMERICAN INTERNATIONAL HIGH SCHOOL AT MONROE,84.82143,High,0.0,0.0,433.0,0.0,0.0,,0.0,433.0
472,ARTURO A. SCHOMBURG SATELLITE ACADEMY BRONX,26.136364,Med/Low,,,,,,,,
474,THE CINEMA SCHOOL,87.878784,High,,,,,,,,
476,BRONX CAREER AND COLLEGE PREPARATORY HIGH SCHOOL,62.666668,Med/High,0.0,2.0,170.0,142.0,4.0,,3.0,321.0
478,BRONX REGIONAL HIGH SCHOOL,21.428572,Med/Low,0.0,3.0,123.0,72.0,4.0,,0.0,202.0
480,BRONX ENVISION ACADEMY,68.36735,Med/High,6.0,8.0,242.0,127.0,7.0,,1.0,391.0
482,THE METROPOLITAN SOUNDVIEW HIGH SCHOOL,73.56322,Med/High,,,,,,,,
484,HIGH SCHOOL OF WORLD CULTURES,84.12698,High,5.0,39.0,296.0,36.0,9.0,,0.0,385.0
486,FANNIE LOU HAMER FREEDOM HIGH SCHOOL,69.15888,Med/High,2.0,2.0,342.0,144.0,3.0,,0.0,493.0
488,WINGS ACADEMY,52.671757,Medium,2.0,5.0,208.0,282.0,5.0,,5.0,507.0
492,DR. SUSAN S. MCKINNEY SECONDARY SCHOOL OF THE ARTS,81.13207,High,,,,,,,,
494,URBAN ASSEMBLY SCHOOL OF MUSIC AND ART,87.755104,High,,,,,,,,
496,BROOKLYN COMMUNITY ARTS & MEDIA HIGH SCHOOL (BCAM),91.0,High,,,,,,,,
498,"SCIENCE SKILLS CENTER HIGH SCHOOL FOR SCIENCE, TEC",100.0,High,,,,,,,,
500,BROOKLYN TECHNICAL HIGH SCHOOL,96.242584,High,18.0,3350.0,407.0,416.0,1163.0,,180.0,5534.0
502,BROOKLYN INTERNATIONAL HIGH SCHOOL,80.48781,High,,,,,,,,
504,THE URBAN ASSEMBLY SCHOOL FOR LAW AND JUSTICE,96.15385,High,,,,,,,,
506,ACORN COMMUNITY HIGH SCHOOL,57.575756,Medium,1.0,6.0,47.0,303.0,7.0,,2.0,366.0
508,URBAN ASSEMBLY INSTITUTE OF MATH AND SCIENCE FOR Y,93.24324,High,,,,,,,,
510,BROOKLYN ACADEMY HIGH SCHOOL,17.391304,Low,5.0,0.0,22.0,120.0,2.0,,0.0,149.0
512,GOTHAM PROFESSIONAL ARTS ACADEMY,85.454544,High,2.0,0.0,29.0,163.0,1.0,,3.0,198.0
514,BEDFORD ACADEMY HIGH SCHOOL,97.61905,High,2.0,11.0,26.0,303.0,7.0,,15.0,364.0
516,GEORGE WESTINGHOUSE CAREER AND TECHNICAL EDUCATION,96.51163,High,,,,,,,,
518,BROOKLYN HIGH SCHOOL FOR LEADERSHIP AND COMMUNITY,24.193548,Med/Low,0.0,1.0,49.0,130.0,4.0,,0.0,184.0
520,BENJAMIN BANNEKER ACADEMY,97.4359,High,11.0,34.0,82.0,788.0,7.0,,0.0,922.0
522,"CITY POLYTECHNIC HIGH SCHOOL OF ENGINEERING, ARCHI",93.75,High,,,,,,,,
524,JUAN MOREL CAMPOS SECONDARY SCHOOL,70.0,Med/High,4.0,5.0,489.0,97.0,49.0,,2.0,646.0
526,"BROOKLYN LATIN SCHOOL, THE",96.77419,High,,,,,,,,
528,THE WILLIAMSBURG HIGH SCHOOL OF ART AND TECHNOLOGY,88.46154,High,,,,,,,,
530,PROGRESS HIGH SCHOOL FOR PROFESSIONAL CAREERS,69.76744,Med/High,3.0,10.0,585.0,353.0,8.0,,4.0,963.0
532,EAST WILLIAMSBURG SCHOLARS ACADEMY,68.60465,Med/High,,,,,,,,
534,"THE HIGH SCHOOL FOR ENTERPRISE, BUSINESS AND TECHN",85.253456,High,,,,,,,,
536,BROOKLYN PREPARATORY HIGH SCHOOL,91.911766,High,4.0,11.0,225.0,269.0,6.0,,4.0,519.0
538,WILLIAMSBURG HIGH SCHOOL FOR ARCHITECTURE AND DESI,96.031746,High,,,,,,,,
540,WILLIAMSBURG PREPARATORY SCHOOL,97.4359,High,4.0,23.0,484.0,100.0,65.0,,2.0,678.0
542,LYONS COMMUNITY SCHOOL,72.60274,Med/High,0.0,6.0,302.0,214.0,8.0,,1.0,531.0
544,A-TECH HIGH SCHOOL,76.74419,Med/High,,,,,,,,
546,YOUNG WOMEN'S LEADERSHIP SCHOOL OF BROOKLYN,89.13043,High,2.0,16.0,123.0,219.0,2.0,,11.0,373.0
548,EL PUENTE ACADEMY FOR PEACE AND JUSTICE,65.30612,Med/High,2.0,1.0,210.0,24.0,3.0,,6.0,246.0
550,BROOKLYN FRONTIERS HIGH SCHOOL,29.52381,Med/Low,1.0,0.0,35.0,139.0,4.0,,0.0,179.0
552,DIGITAL ARTS AND CINEMA TECHNOLOGY HIGH SCHOOL,96.969696,High,,,,,,,,
554,BROOKLYN COLLABORATIVE STUDIES,88.37209,High,,,,,,,,
556,JOHN JAY SCHOOL FOR LAW,87.64045,High,,,,,,,,
558,CYBERARTS STUDIO ACADEMY,72.413795,Med/High,,,,,,,,
560,PARK SLOPE COLLEGIATE,82.52427,High,4.0,36.0,188.0,204.0,74.0,,17.0,523.0
562,THE BOERUM HILL SCHOOL FOR INTERNATIONAL STUDIES,90.74074,High,,,,,,,,
564,COBBLE HILL SCHOOL OF AMERICAN STUDIES,72.881355,Med/High,7.0,17.0,150.0,380.0,25.0,,11.0,590.0
566,WEST BROOKLYN COMMUNITY HIGH SCHOOL,6.4814816,Low,0.0,13.0,135.0,11.0,25.0,,1.0,185.0
568,KHALIL GIBRAN INTERNATIONAL ACADEMY,77.55102,Med/High,2.0,39.0,13.0,91.0,77.0,,5.0,227.0
570,BROOKLYN HIGH SCHOOL OF THE ARTS,91.9598,High,5.0,26.0,208.0,633.0,23.0,,34.0,929.0
572,SUNSET PARK HIGH SCHOOL,89.28571,High,3.0,94.0,1008.0,119.0,87.0,,1.0,1312.0
574,MILLENNIUM BROOKLYN HS,100.0,High,,,,,,,,
576,SOUTH BROOKLYN COMMUNITY HIGH SCHOOL,22.580645,Med/Low,5.0,4.0,103.0,54.0,13.0,,0.0,179.0
578,BOYS AND GIRLS HIGH SCHOOL,70.0,Med/High,3.0,5.0,30.0,331.0,5.0,,6.0,380.0
580,BROOKLYN HIGH SCHOOL FOR LAW AND TECHNOLOGY,90.09009,High,5.0,16.0,153.0,453.0,8.0,,6.0,641.0
582,RESEARCH AND SERVICE HIGH SCHOOL,22.131147,Med/Low,1.0,0.0,30.0,192.0,1.0,,0.0,224.0
584,THE BROOKLYN ACADEMY OF GLOBAL FINANCE,90.90909,High,,,,,,,,
586,NELSON MANDELA HIGH SCHOOL,85.71429,High,2.0,0.0,21.0,188.0,4.0,,1.0,216.0
588,PATHWAYS IN TECHNOLOGY EARLY COLLEGE HIGH SCHOOL (,76.859505,Med/High,,,,,,,,
590,ACADEMY FOR COLLEGE PREPARATION AND CAREER EXPLORA,74.60317,Med/High,,,,,,,,
592,ACADEMY OF HOSPITALITY AND TOURISM,85.71429,High,3.0,7.0,25.0,184.0,6.0,,0.0,225.0
596,INTERNATIONAL HIGH SCHOOL AT PROSPECT HEIGHTS,76.0,Med/High,3.0,63.0,179.0,105.0,42.0,,1.0,393.0
598,THE HIGH SCHOOL FOR GLOBAL CITIZENSHIP,86.79245,High,,,,,,,,
600,"SCHOOL FOR HUMAN RIGHTS, THE",87.83784,High,,,,,,,,
602,HIGH SCHOOL FOR YOUTH AND COMMUNITY DEVELOPMENT AT,82.64463,High,,,,,,,,
604,HIGH SCHOOL FOR SERVICE & LEARNING AT ERASMUS,73.01588,Med/High,,,,,,,,
606,"SCIENCE, TECHNOLOGY AND RESEARCH EARLY COLLEGE HIG",98.92473,High,,,,,,,,
608,HIGH SCHOOL FOR PUBLIC SERVICE: HEROES OF TOMORROW,95.19231,High,,,,,,,,
610,BROOKLYN ACADEMY OF SCIENCE AND THE ENVIRONMENT,79.77528,Med/High,5.0,18.0,46.0,347.0,9.0,,2.0,427.0
612,BROOKLYN SCHOOL FOR MUSIC & THEATRE,79.62963,Med/High,,,,,,,,
614,BROWNSVILLE ACADEMY HIGH SCHOOL,24.657534,Med/Low,1.0,2.0,12.0,129.0,0.0,,3.0,147.0
616,MEDGAR EVERS COLLEGE PREPARATORY SCHOOL,96.938774,High,17.0,41.0,56.0,1093.0,10.0,,25.0,1242.0
618,CLARA BARTON HIGH SCHOOL,75.53191,Med/High,15.0,16.0,86.0,1208.0,13.0,,14.0,1352.0
620,ASPIRATIONS DIPLOMA PLUS HIGH SCHOOL,17.894737,Low,5.0,3.0,35.0,164.0,1.0,,0.0,208.0
622,BROOKLYN INSTITUTE FOR LIBERAL ARTS,92.45283,High,4.0,6.0,22.0,313.0,4.0,,4.0,353.0
624,ACADEMY FOR HEALTH CAREERS,85.36585,High,2.0,9.0,36.0,305.0,5.0,,10.0,367.0
626,IT TAKES A VILLAGE ACADEMY,86.190475,High,7.0,5.0,36.0,532.0,6.0,,11.0,597.0
628,BROOKLYN COMMUNITY HIGH SCHOOL FOR EXCELLENCE AND,76.36364,Med/High,,,,,,,,
630,BROOKLYN THEATRE ARTS HIGH SCHOOL,71.73913,Med/High,4.0,1.0,49.0,306.0,4.0,,9.0,373.0
632,KURT HAHN EXPEDITIONARY LEARNING SCHOOL,82.22222,High,1.0,3.0,25.0,322.0,1.0,,0.0,352.0
634,VICTORY COLLEGIATE HIGH SCHOOL,90.90909,High,3.0,3.0,21.0,302.0,4.0,,9.0,342.0
636,BROOKLYN BRIDGE ACADEMY,23.71134,Med/Low,4.0,1.0,21.0,180.0,5.0,,1.0,212.0
640,HIGH SCHOOL FOR INNOVATION IN ADVERTISING AND MEDI,84.48276,High,,,,,,,,
642,CULTURAL ACADEMY FOR THE ARTS AND SCIENCES,88.0,High,3.0,2.0,36.0,305.0,3.0,,1.0,350.0
644,HIGH SCHOOL FOR MEDICAL PROFESSIONS,89.3617,High,3.0,15.0,54.0,339.0,5.0,,0.0,416.0
646,OLYMPUS ACADEMY,30.588236,Med/Low,0.0,1.0,13.0,137.0,1.0,,2.0,154.0
648,ACADEMY FOR CONSERVATION AND THE ENVIRONMENT,90.41096,High,0.0,11.0,29.0,240.0,8.0,,1.0,289.0
650,URBAN ACTION ACADEMY,67.60564,Med/High,4.0,6.0,33.0,234.0,14.0,,1.0,292.0
652,EAST BROOKLYN COMMUNITY HIGH SCHOOL,28.828829,Med/Low,1.0,2.0,24.0,129.0,3.0,,0.0,159.0
654,ACADEMY FOR YOUNG WRITERS,89.74359,High,3.0,7.0,142.0,424.0,3.0,,7.0,586.0
656,EAST NEW YORK FAMILY ACADEMY,96.55173,High,6.0,12.0,149.0,316.0,4.0,,1.0,488.0
658,SPRING CREEK COMMUNITY SCHOOL,94.202896,High,1.0,4.0,74.0,223.0,1.0,,6.0,309.0
660,FDNY - CAPTAIN VERNON A. RICHARD HIGH SCHOOL FOR F,78.333336,Med/High,,,,,,,,
662,HIGH SCHOOL FOR CIVIL RIGHTS,74.62687,Med/High,3.0,2.0,68.0,219.0,1.0,,1.0,294.0
664,PERFORMING ARTS AND TECHNOLOGY HIGH SCHOOL,81.5534,High,2.0,6.0,94.0,317.0,3.0,,0.0,422.0
666,WORLD ACADEMY FOR TOTAL COMMUNITY HEALTH HIGH SCHO,68.85246,Med/High,,,,,,,,
668,MULTICULTURAL HIGH SCHOOL,86.56716,High,0.0,0.0,202.0,1.0,1.0,,0.0,204.0
670,TRANSIT TECH CAREER AND TECHNICAL EDUCATION HIGH S,77.94118,Med/High,,,,,,,,
672,ACADEMY OF INNOVATIVE TECHNOLOGY,90.38461,High,4.0,20.0,179.0,189.0,5.0,,7.0,404.0
674,BROOKLYN LAB SCHOOL,86.36364,High,3.0,21.0,168.0,129.0,7.0,,1.0,329.0
676,CYPRESS HILLS COLLEGIATE PREPARATORY SCHOOL,87.69231,High,5.0,16.0,158.0,49.0,11.0,,0.0,239.0
678,W. H. MAXWELL CAREER AND TECHNICAL EDUCATION HIGH,79.80769,Med/High,,,,,,,,
680,SCHOOL FOR CLASSICS HIGH SCHOOL,82.92683,High,,,,,,,,
682,THE URBAN ASSEMBLY SCHOOL FOR COLLABORATIVE HEALTH,90.41096,High,,,,,,,,
684,NEW UTRECHT HIGH SCHOOL,76.59831,Med/High,2.0,1400.0,1022.0,134.0,954.0,,35.0,3547.0
686,HIGH SCHOOL OF TELECOMMUNICATION ARTS AND TECHNOLO,92.09622,High,,,,,,,,
688,FORT HAMILTON HIGH SCHOOL,80.71749,High,6.0,1239.0,1332.0,205.0,1513.0,,103.0,4398.0
690,FRANKLIN DELANO ROOSEVELT HIGH SCHOOL,70.65351,Med/High,13.0,1214.0,970.0,370.0,607.0,,2.0,3176.0
692,URBAN ASSEMBLY SCHOOL FOR LEADERSHIP AND EMPOWERME,95.454544,High,,,,,,,,
694,INTERNATIONAL HIGH SCHOOL AT LAFAYETTE,73.49397,Med/High,1.0,129.0,106.0,22.0,103.0,,0.0,361.0
696,RACHEL CARSON HIGH SCHOOL FOR COASTAL STUDIES,85.79881,High,6.0,69.0,131.0,121.0,229.0,,3.0,559.0
698,HIGH SCHOOL OF SPORTS MANAGEMENT,74.62687,Med/High,6.0,10.0,54.0,177.0,18.0,,2.0,267.0
700,ABRAHAM LINCOLN HIGH SCHOOL,79.3249,Med/High,13.0,345.0,492.0,858.0,390.0,,16.0,2114.0
702,KINGSBOROUGH EARLY COLLEGE SCHOOL,98.82353,High,3.0,46.0,162.0,140.0,239.0,,5.0,595.0
704,EDWARD R. MURROW HIGH SCHOOL,87.35363,High,,,,,,,,
706,JOHN DEWEY HIGH SCHOOL,78.64769,Med/High,15.0,736.0,462.0,697.0,288.0,,22.0,2220.0
708,LIFE ACADEMY HIGH SCHOOL FOR FILM AND MUSIC,77.77778,Med/High,2.0,20.0,86.0,142.0,36.0,,2.0,288.0
710,LEADERS HIGH SCHOOL,89.13043,High,,,,,,,,
712,WILLIAM E. GRADY CAREER AND TECHNICAL EDUCATION HI,67.64706,Med/High,,,,,,,,
714,BROOKLYN STUDIO SECONDARY SCHOOL,91.9708,High,4.0,164.0,273.0,33.0,448.0,,0.0,922.0
716,LIBERATION DIPLOMA PLUS,18.75,Low,0.0,2.0,52.0,92.0,23.0,,0.0,169.0
718,MIDWOOD HIGH SCHOOL,96.16936,High,8.0,1400.0,493.0,1171.0,895.0,,36.0,4003.0
720,JAMES MADISON HIGH SCHOOL,88.45701,High,12.0,655.0,580.0,579.0,1429.0,,6.0,3261.0
722,LEON M. GOLDSTEIN HIGH SCHOOL FOR THE SCIENCES,96.56489,High,,,,,,,,
724,BROOKLYN COLLEGE ACADEMY,98.6755,High,5.0,43.0,65.0,403.0,29.0,,49.0,594.0
726,ORIGINS HIGH SCHOOL,89.655174,High,2.0,46.0,73.0,130.0,83.0,,0.0,334.0
728,PROFESSIONAL PATHWAYS HIGH SCHOOL,34.83146,Med/Low,4.0,18.0,53.0,62.0,54.0,,0.0,191.0
730,BROOKLYN COLLEGIATE: A COLLEGE BOARD SCHOOL,84.14634,High,,,,,,,,
732,FREDERICK DOUGLASS ACADEMY VII HIGH SCHOOL,85.18519,High,0.0,2.0,24.0,223.0,1.0,,1.0,251.0
734,BROOKLYN DEMOCRACY ACADEMY,32.183907,Med/Low,0.0,1.0,23.0,137.0,2.0,,0.0,163.0
736,EAGLE ACADEMY FOR YOUNG MEN II,91.75258,High,2.0,3.0,44.0,529.0,6.0,,6.0,590.0
738,METROPOLITAN DIPLOMA PLUS HIGH SCHOOL,19.444445,Low,2.0,0.0,18.0,144.0,1.0,,1.0,166.0
740,TEACHERS PREPARATORY HIGH SCHOOL,69.565216,Med/High,3.0,3.0,64.0,287.0,4.0,,1.0,362.0
742,INTERNATIONAL HIGH SCHOOL FOR HEALTH SCIENCES,77.41936,Med/High,2.0,47.0,143.0,11.0,21.0,,0.0,224.0
744,ACADEMY OF FINANCE AND ENTERPRISE,97.45223,High,9.0,119.0,267.0,39.0,77.0,,1.0,512.0
746,HIGH SCHOOL OF APPLIED COMMUNICATION,86.458336,High,,,,,,,,
748,CIVIC LEADERSHIP ACADEMY,90.29851,High,0.0,43.0,325.0,30.0,30.0,,39.0,467.0
750,PAN AMERICAN INTERNATIONAL HIGH SCHOOL,89.0,High,0.0,1.0,359.0,0.0,0.0,,0.0,360.0
752,BARD HIGH SCHOOL EARLY COLLEGE QUEENS,99.3421,High,4.0,205.0,99.0,67.0,208.0,,17.0,600.0
754,NEWTOWN HIGH SCHOOL,76.21247,Med/High,14.0,446.0,1181.0,189.0,87.0,,24.0,1941.0
756,GROVER CLEVELAND HIGH SCHOOL,67.396065,Med/High,8.0,167.0,1111.0,91.0,324.0,,21.0,1722.0
758,MIDDLE COLLEGE HIGH SCHOOL AT LAGUARDIA COMMUNITY,86.40777,High,,,,,,,,
760,INTERNATIONAL HIGH SCHOOL AT LAGUARDIA COMMUNITY C,84.684685,High,,,,,,,,
762,HIGH SCHOOL FOR ARTS AND BUSINESS,93.64162,High,2.0,78.0,631.0,75.0,30.0,,2.0,818.0
764,"ROBERT F. WAGNER, JR. SECONDARY SCHOOL FOR ARTS AN",98.42519,High,,,,,,,,
766,MASPETH HIGH SCHOOL,98.47328,High,1.0,174.0,432.0,20.0,360.0,,15.0,1002.0
768,QUEENS TECHNICAL HIGH SCHOOL,85.88957,High,,,,,,,,
770,AVIATION CAREER & TECHNICAL EDUCATION HIGH SCHOOL,98.86621,High,,,,,,,,
772,VOYAGES PREPARATORY,6.8627453,Low,0.0,21.0,146.0,42.0,13.0,,1.0,223.0
774,VERITAS ACADEMY,85.211266,High,1.0,74.0,213.0,57.0,49.0,,16.0,410.0
776,QUEENS HIGH SCHOOL FOR LANGUAGE STUDIES,92.45283,High,2.0,180.0,73.0,29.0,5.0,,5.0,294.0
778,"QUEENS SCHOOL OF INQUIRY, THE",98.82353,High,,,,,,,,
780,FLUSHING INTERNATIONAL HIGH SCHOOL,83.13253,High,4.0,245.0,165.0,10.0,8.0,,0.0,432.0
782,EAST-WEST SCHOOL OF INTERNATIONAL STUDIES,97.916664,High,1.0,452.0,120.0,68.0,30.0,,8.0,679.0
784,WORLD JOURNALISM PREPARATORY: A COLLEGE BOARD SCHO,95.0,High,,,,,,,,
786,JOHN BOWNE HIGH SCHOOL,77.25714,Med/High,26.0,976.0,1679.0,667.0,178.0,,43.0,3569.0
788,FLUSHING HIGH SCHOOL,77.28459,Med/High,22.0,354.0,1011.0,421.0,64.0,,0.0,1872.0
790,TOWNSEND HARRIS HIGH SCHOOL,99.65753,High,11.0,662.0,138.0,65.0,246.0,,10.0,1132.0
792,QUEENS ACADEMY HIGH SCHOOL,15.923567,Low,5.0,43.0,143.0,141.0,23.0,,3.0,358.0
794,ROBERT F. KENNEDY COMMUNITY HIGH SCHOOL,84.946236,High,,,,,,,,
796,NORTH QUEENS COMMUNITY HIGH SCHOOL,13.793103,Low,2.0,25.0,66.0,72.0,23.0,,0.0,188.0
798,BUSINESS TECHNOLOGY EARLY COLLEGE HIGH SCHOOL,98.14815,High,2.0,49.0,51.0,71.0,19.0,,16.0,208.0
800,BENJAMIN N. CARDOZO HIGH SCHOOL,92.59259,High,,,,,,,,
802,FRANCIS LEWIS HIGH SCHOOL,92.0071,High,30.0,2317.0,969.0,297.0,642.0,,35.0,4290.0
804,MARTIN VAN BUREN HIGH SCHOOL,85.36585,High,59.0,418.0,207.0,745.0,56.0,,21.0,1506.0
806,BAYSIDE HIGH SCHOOL,99.04,High,,,,,,,,
808,"QUEENS HIGH SCHOOL OF TEACHING, LIBERAL ARTS AND T",94.84127,High,,,,,,,,
810,FREDERICK DOUGLASS ACADEMY VI HIGH SCHOOL,52.427185,Medium,3.0,5.0,132.0,231.0,3.0,,1.0,375.0
812,VOYAGES PREP - SOUTH QUEENS,39.82301,Med/Low,,,,,,,,
814,CHANNEL VIEW SCHOOL FOR RESEARCH,100.0,High,9.0,54.0,209.0,361.0,98.0,,3.0,734.0
816,"QUEENS HIGH SCHOOL FOR INFORMATION, RESEARCH, AND",85.07462,High,,,,,,,,
818,ROBERT H. GODDARD HIGH SCHOOL OF COMMUNICATION ART,95.27027,High,,,,,,,,
820,ACADEMY OF MEDICAL TECHNOLOGY: A COLLEGE BOARD SCH,69.09091,Med/High,,,,,,,,
822,EPIC HIGH SCHOOL - SOUTH,73.73737,Med/High,,,,,,,,
824,SCHOLARS' ACADEMY,97.82609,High,12.0,271.0,230.0,250.0,540.0,,3.0,1306.0
826,ROCKAWAY PARK HIGH SCHOOL FOR ENVIRONMENTAL SUSTAI,68.57143,Med/High,,,,,,,,
828,EPIC HIGH SCHOOL - NORTH,76.92308,Med/High,,,,,,,,
830,ROCKAWAY COLLEGIATE HIGH SCHOOL,77.64706,Med/High,6.0,20.0,132.0,198.0,13.0,,17.0,386.0
832,AUGUST MARTIN HIGH SCHOOL,91.358025,High,11.0,42.0,62.0,360.0,2.0,,6.0,483.0
834,RICHMOND HILL HIGH SCHOOL,70.77625,Med/High,25.0,648.0,944.0,233.0,92.0,,15.0,1957.0
836,JOHN ADAMS HIGH SCHOOL,81.623276,High,109.0,757.0,849.0,565.0,71.0,,13.0,2364.0
838,"HIGH SCHOOL FOR CONSTRUCTION TRADES, ENGINEERING A",98.4556,High,,,,,,,,
840,METROPOLITAN EXPEDITIONARY LEARNING SCHOOL,98.07692,High,26.0,140.0,326.0,148.0,167.0,,21.0,828.0
842,YORK EARLY COLLEGE ACADEMY,97.61905,High,34.0,182.0,61.0,320.0,9.0,,14.0,620.0
844,QUEENS COLLEGIATE: A COLLEGE BOARD SCHOOL,81.13207,High,,,,,,,,
846,HILLSIDE ARTS & LETTERS ACADEMY,92.72727,High,,,,,,,,
848,HIGH SCHOOL FOR COMMUNITY LEADERSHIP,95.14563,High,15.0,109.0,115.0,174.0,19.0,,13.0,445.0
850,QUEENS SATELLITE HIGH SCHOOL FOR OPPORTUNITY,15.909091,Low,9.0,9.0,31.0,69.0,7.0,,0.0,125.0
852,JAMAICA GATEWAY TO THE SCIENCES,89.51613,High,15.0,203.0,51.0,222.0,10.0,,9.0,510.0
854,FOREST HILLS HIGH SCHOOL,91.08138,High,30.0,956.0,1296.0,344.0,1130.0,,85.0,3841.0
856,HILLCREST HIGH SCHOOL,74.93917,Med/High,98.0,1070.0,1027.0,970.0,145.0,,10.0,3320.0
858,THOMAS A. EDISON CAREER AND TECHNICAL EDUCATION HI,94.41118,High,,,,,,,,
860,QUEENS GATEWAY TO HEALTH SCIENCES SECONDARY SCHOOL,96.73913,High,26.0,341.0,77.0,256.0,22.0,,4.0,726.0
862,QUEENS METROPOLITAN HIGH SCHOOL,90.27778,High,10.0,113.0,482.0,46.0,399.0,,9.0,1059.0
864,QUEENS HIGH SCHOOL FOR THE SCIENCES AT YORK COLLEG,100.0,High,,,,,,,,
866,HIGH SCHOOL FOR LAW ENFORCEMENT AND PUBLIC SAFETY,84.81013,High,,,,,,,,
868,"YOUNG WOMEN'S LEADERSHIP SCHOOL, QUEENS",98.59155,High,,,,,,,,
870,INSTITUTE FOR HEALTH PROFESSIONS AT CAMBRIA HEIGHT,92.8,High,,,,,,,,
872,QUEENS PREPARATORY ACADEMY,84.26966,High,2.0,18.0,41.0,375.0,5.0,,19.0,460.0
874,PATHWAYS COLLEGE PREPARATORY SCHOOL: A COLLEGE BOA,93.44262,High,,,,,,,,
876,EXCELSIOR PREPARATORY HIGH SCHOOL,89.147285,High,,,,,,,,
878,GEORGE WASHINGTON CARVER HIGH SCHOOL FOR THE SCIEN,78.57143,Med/High,,,,,,,,
880,PREPARATORY ACADEMY FOR WRITERS: A COLLEGE BOARD S,83.870964,High,,,,,,,,
882,BENJAMIN FRANKLIN HIGH SCHOOL FOR FINANCE & INFORM,84.81013,High,,,,,,,,
884,CAMBRIA HEIGHTS ACADEMY,87.5,High,11.0,24.0,40.0,311.0,5.0,,13.0,404.0
886,EAGLE ACADEMY FOR YOUNG MEN III,96.36364,High,15.0,6.0,16.0,426.0,13.0,,16.0,492.0
888,"MATHEMATICS, SCIENCE RESEARCH AND TECHNOLOGY MAGNE",69.49152,Med/High,,,,,,,,
890,HUMANITIES & ARTS MAGNET HIGH SCHOOL,82.291664,High,,,,,,,,
892,ENERGY TECH HIGH SCHOOL,90.38461,High,3.0,72.0,160.0,31.0,51.0,,16.0,333.0
894,"YOUNG WOMEN'S LEADERSHIP SCHOOL, ASTORIA",100.0,High,,,,,,,,
896,ACADEMY FOR CAREERS IN TELEVISION AND FILM,98.48485,High,3.0,34.0,293.0,86.0,109.0,,20.0,545.0
898,WILLIAM CULLEN BRYANT HIGH SCHOOL,83.934425,High,21.0,649.0,1238.0,153.0,384.0,,19.0,2464.0
900,LONG ISLAND CITY HIGH SCHOOL,83.53553,High,17.0,338.0,1269.0,268.0,140.0,,24.0,2056.0
902,FRANK SINATRA SCHOOL OF THE ARTS HIGH SCHOOL,97.849464,High,4.0,92.0,278.0,114.0,292.0,,50.0,830.0
904,INFORMATION TECHNOLOGY HIGH SCHOOL,81.55738,High,14.0,189.0,534.0,136.0,86.0,,6.0,965.0
906,NEWCOMERS HIGH SCHOOL,81.349205,High,1.0,265.0,526.0,19.0,59.0,,0.0,870.0
908,ACADEMY OF AMERICAN STUDIES,97.594505,High,1.0,256.0,298.0,70.0,262.0,,8.0,895.0
910,BACCALAUREATE SCHOOL FOR GLOBAL EDUCATION,96.25,High,4.0,239.0,72.0,10.0,151.0,,11.0,487.0
912,CSI HIGH SCHOOL FOR INTERNATIONAL STUDIES,98.4127,High,3.0,55.0,100.0,32.0,263.0,,42.0,495.0
914,GAYNOR MCCOWN EXPEDITIONARY LEARNING SCHOOL,94.318184,High,0.0,17.0,83.0,57.0,291.0,,19.0,467.0
916,THE MICHAEL J. PETRIDES SCHOOL,91.818184,High,,,,,,,,
918,NEW DORP HIGH SCHOOL,87.434555,High,10.0,201.0,816.0,355.0,1436.0,,62.0,2880.0
920,PORT RICHMOND HIGH SCHOOL,74.88789,Med/High,3.0,96.0,661.0,397.0,315.0,,10.0,1482.0
922,CURTIS HIGH SCHOOL,75.63884,Med/High,22.0,168.0,931.0,939.0,411.0,,52.0,2523.0
924,TOTTENVILLE HIGH SCHOOL,96.89119,High,14.0,199.0,490.0,73.0,3089.0,,49.0,3914.0
926,SUSAN E. WAGNER HIGH SCHOOL,89.23077,High,,,,,,,,
928,CONCORD HIGH SCHOOL,18.84058,Low,1.0,2.0,57.0,39.0,31.0,,3.0,133.0
930,RALPH R. MCKEE CAREER AND TECHNICAL EDUCATION HIGH,76.88442,Med/High,,,,,,,,
932,STATEN ISLAND TECHNICAL HIGH SCHOOL,99.7076,High,2.0,543.0,55.0,19.0,656.0,,3.0,1278.0
934,THE BROOKLYN SCHOOL FOR MATH AND RESEARCH,85.2459,High,,,,,,,,
936,ACADEMY FOR EXCELLENCE IN LEADERSHIP,85.07462,High,,,,,,,,
938,EBC HIGH SCHOOL FOR PUBLIC SERVICE - BUSHWICK,88.97638,High,,,,,,,,
940,THE BROOKLYN SCHOOL FOR SOCIAL JUSTICE,82.02247,High,,,,,,,,
942,THE ACADEMY OF URBAN PLANNING AND ENGINEERING,92.5,High,,,,,,,,
944,ALL CITY LEADERSHIP SECONDARY SCHOOL,100.0,High,1.0,23.0,297.0,44.0,19.0,,1.0,385.0
946,BUSHWICK LEADERS HIGH SCHOOL FOR ACADEMIC EXCELLEN,81.355934,High,,,,,,,,
948,BUSHWICK COMMUNITY HIGH SCHOOL,26.43678,Med/Low,0.0,1.0,132.0,64.0,4.0,,0.0,201.0
